beta,rep_hit_rate,sym_hit_rate,rep_mean_loss,sym_mean_loss
0.0000,0.920000,0.920000,-9.705960e-01,-9.705960e-01
0.1000,0.920000,0.920000,-9.705960e-01,-9.705960e-01
1.0000,0.940000,0.920000,-9.785838e-01,-9.705960e-01
10.0000,0.940000,0.920000,-9.785838e-01,-9.705960e-01
100.0000,0.720000,0.920000,-8.904805e-01,-9.705960e-01
