beta,rep_hit_rate,fedavg_hit_rate,rep_final_loss,fedavg_final_loss
0.0000,1.000000,1.000000,-3.000015e+00,-3.000015e+00
0.0500,1.000000,1.000000,-3.000015e+00,-3.000015e+00
0.1000,1.000000,1.000000,-3.000015e+00,-3.000015e+00
0.5000,1.000000,1.000000,-3.000015e+00,-3.000015e+00
1.0000,1.000000,1.000000,-3.000015e+00,-3.000015e+00
5.0000,1.000000,1.000000,-3.000015e+00,-3.000015e+00
50.0000,1.000000,1.000000,-3.000014e+00,-3.000015e+00
