{
  "mode": "smoke",
  "model": "roberta-base",
  "init_val_acc": 0.4908256880733945,
  "init_val_loss": 0.694672793423364,
  "mezo": {
    "step": [
      0,
      10,
      20,
      30,
      40,
      50,
      60,
      70,
      80,
      90,
      100,
      110,
      120,
      130,
      140,
      150,
      160,
      170,
      180,
      190,
      200,
      210,
      220,
      230,
      240,
      250,
      260,
      270,
      280,
      290,
      300,
      310,
      320,
      330,
      340,
      350,
      360,
      370,
      380,
      390,
      400,
      410,
      420,
      430,
      440,
      450,
      460,
      470,
      480,
      490
    ],
    "train_loss": [
      0.6827077865600586,
      0.6980910897254944,
      0.6991335153579712,
      0.7079269289970398,
      0.6951852440834045,
      0.6997976303100586,
      0.6940651535987854,
      0.6987596750259399,
      0.6864622235298157,
      0.683327317237854,
      0.6996488571166992,
      0.6870416402816772,
      0.688147783279419,
      0.705675482749939,
      0.6885521411895752,
      0.6926817297935486,
      0.6859604120254517,
      0.698983371257782,
      0.6967753767967224,
      0.7062376737594604,
      0.6949936151504517,
      0.6983494758605957,
      0.6939679384231567,
      0.6988905072212219,
      0.6832040548324585,
      0.6860053539276123,
      0.6989964246749878,
      0.6883518695831299,
      0.6882890462875366,
      0.7137837409973145,
      0.6889491677284241,
      0.6926909685134888,
      0.6847388744354248,
      0.699256956577301,
      0.6979740262031555,
      0.7063965797424316,
      0.6950881481170654,
      0.6971368789672852,
      0.6947733759880066,
      0.6975895166397095,
      0.684955358505249,
      0.6851761937141418,
      0.6998890042304993,
      0.6880552768707275,
      0.68759685754776,
      0.7108957171440125,
      0.6883600354194641,
      0.692867636680603,
      0.686689555644989,
      0.6983451247215271
    ],
    "eval_step": [
      100,
      200,
      300,
      400,
      500
    ],
    "eval_loss": [
      0.6946384977856908,
      0.6946113864216236,
      0.694577780885434,
      0.6945744124027567,
      0.694565059941843
    ],
    "eval_acc": [
      0.4908256880733945,
      0.4908256880733945,
      0.4908256880733945,
      0.4908256880733945,
      0.4908256880733945
    ]
  },
  "adamw": {
    "step": [
      0,
      10,
      20,
      30
    ],
    "train_loss": [
      0.6842789649963379,
      0.6966677904129028,
      0.6815717220306396,
      0.671225905418396
    ],
    "eval_step": [
      32
    ],
    "eval_loss": [
      0.6784509261813733
    ],
    "eval_acc": [
      0.5091743119266054
    ]
  },
  "config": {
    "train_subset": 512,
    "batch_size": 16,
    "max_length": 128,
    "mezo_lr": 1e-06,
    "mezo_eps": 0.001,
    "mezo_steps": 500,
    "adamw_lr": 2e-05,
    "adamw_epochs": 1
  }
}