{
  "mode": "preview",
  "model": "roberta-base",
  "init_val_acc": 0.7775229357798165,
  "init_val_loss": 0.49931124044120856,
  "mezo": {
    "step": [
      0,
      50,
      100,
      150,
      200,
      250,
      300,
      350,
      400,
      450,
      500,
      550,
      600,
      650,
      700,
      750,
      800,
      850,
      900,
      950,
      1000,
      1050,
      1100,
      1150,
      1200,
      1250,
      1300,
      1350,
      1400,
      1450,
      1500,
      1550,
      1600,
      1650,
      1700,
      1750,
      1800,
      1850,
      1900,
      1950,
      2000,
      2050,
      2100,
      2150,
      2200,
      2250,
      2300,
      2350,
      2400,
      2450,
      2500,
      2550,
      2600,
      2650,
      2700,
      2750,
      2800,
      2850,
      2900,
      2950,
      3000,
      3050,
      3100,
      3150,
      3200,
      3250,
      3300,
      3350,
      3400,
      3450,
      3500,
      3550,
      3600,
      3650,
      3700,
      3750,
      3800,
      3850,
      3900,
      3950,
      4000,
      4050,
      4100,
      4150,
      4200,
      4250,
      4300,
      4350,
      4400,
      4450,
      4500,
      4550,
      4600,
      4650,
      4700,
      4750,
      4800,
      4850,
      4900,
      4950
    ],
    "train_loss": [
      0.46030333638191223,
      0.3880995213985443,
      0.8894368410110474,
      0.5570767521858215,
      0.40257886052131653,
      0.5337881445884705,
      0.4373382031917572,
      0.5482921600341797,
      0.1565372347831726,
      0.7193074226379395,
      0.49348756670951843,
      0.27083468437194824,
      0.3473060429096222,
      0.4834038019180298,
      0.4349914789199829,
      0.5013343691825867,
      0.4288570284843445,
      0.23495230078697205,
      0.3162490129470825,
      0.4608571231365204,
      0.586030900478363,
      0.568512499332428,
      0.41253021359443665,
      0.3680594563484192,
      0.3879748284816742,
      0.16093069314956665,
      0.269513338804245,
      0.23058700561523438,
      0.32337167859077454,
      0.4092510938644409,
      0.281080961227417,
      0.32580095529556274,
      0.22962696850299835,
      0.9699130058288574,
      0.5126444697380066,
      0.20393672585487366,
      0.4904380440711975,
      0.4563264846801758,
      0.45685070753097534,
      0.13257472217082977,
      0.6485122442245483,
      0.506755530834198,
      0.2059287577867508,
      0.32589301466941833,
      0.43622225522994995,
      0.3428356945514679,
      0.426655113697052,
      0.29131701588630676,
      0.15692804753780365,
      0.24268458783626556,
      0.3817159831523895,
      0.6344412565231323,
      0.5537923574447632,
      0.2849196195602417,
      0.27811399102211,
      0.31728172302246094,
      0.11119873821735382,
      0.23991473019123077,
      0.14975853264331818,
      0.15430687367916107,
      0.3629257082939148,
      0.2348170280456543,
      0.41177380084991455,
      0.15105648338794708,
      1.011970043182373,
      0.496920645236969,
      0.24549773335456848,
      0.4871566593647003,
      0.4207012355327606,
      0.41037553548812866,
      0.08910001814365387,
      0.5933049917221069,
      0.44191959500312805,
      0.2492177039384842,
      0.445231169462204,
      0.38009506464004517,
      0.3028290867805481,
      0.44583386182785034,
      0.2808782458305359,
      0.10763691365718842,
      0.22066354751586914,
      0.35175588726997375,
      0.446929395198822,
      0.4714420735836029,
      0.19466009736061096,
      0.2954840064048767,
      0.28896379470825195,
      0.08984304219484329,
      0.1710597574710846,
      0.14237436652183533,
      0.16004830598831177,
      0.39087119698524475,
      0.2565420866012573,
      0.3343069553375244,
      0.15076327323913574,
      0.9208424091339111,
      0.426899790763855,
      0.21192246675491333,
      0.4126851558685303,
      0.44868892431259155
    ],
    "eval_step": [
      500,
      1000,
      1500,
      2000,
      2500,
      3000,
      3500,
      4000,
      4500,
      5000
    ],
    "eval_loss": [
      0.37202908385784256,
      0.352908930373848,
      0.3433442501299972,
      0.33346190419765787,
      0.31908867501337596,
      0.32191071215025874,
      0.3087119025374771,
      0.301255657585389,
      0.29910644533437325,
      0.2955673771713852
    ],
    "eval_acc": [
      0.8543577981651376,
      0.8589449541284404,
      0.8658256880733946,
      0.8738532110091743,
      0.8784403669724771,
      0.8761467889908257,
      0.8922018348623854,
      0.8887614678899083,
      0.8967889908256881,
      0.8956422018348624
    ]
  },
  "adamw": {
    "step": [
      0,
      10,
      20,
      30,
      40,
      50,
      60,
      70,
      80,
      90,
      100,
      110,
      120,
      130,
      140,
      150,
      160,
      170,
      180
    ],
    "train_loss": [
      0.6957319378852844,
      0.6627728343009949,
      0.7559440732002258,
      0.6444101929664612,
      0.43151095509529114,
      0.2994442880153656,
      0.4708333909511566,
      0.1833847165107727,
      0.07332246005535126,
      0.2884443402290344,
      0.21045182645320892,
      0.21562954783439636,
      0.693186342716217,
      0.15987500548362732,
      0.0677172988653183,
      0.23782968521118164,
      0.2489156424999237,
      0.45618772506713867,
      0.12402357161045074
    ],
    "eval_step": [
      100,
      186
    ],
    "eval_loss": [
      0.31796225659344174,
      0.2706183165038398
    ],
    "eval_acc": [
      0.8784403669724771,
      0.8979357798165137
    ]
  },
  "config": {
    "train_subset": 1000,
    "batch_size": 16,
    "max_length": 128,
    "mezo_lr": 1e-06,
    "mezo_eps": 0.001,
    "mezo_steps": 5000,
    "adamw_lr": 2e-05,
    "adamw_epochs": 3
  }
}